{"cameraMode":{"drawMode":0,"name":"Shaded","section":"Shading Mode"},"sceneLighting":false,"audioPlay":false,"sceneViewState":{"m_AlwaysRefresh":false,"showFog":true,"showSkybox":false,"showFlares":true,"showImageEffects":true,"showParticleSystems":true,"showVisualEffectGraphs":true,"m_FxEnabled":true},"in2DMode":false,"pivot":{"x":0.09016498923301697,"y":0.1911483258008957,"z":-0.13745373487472535},"rotation":{"x":0.1270218789577484,"y":0.21540658175945283,"z":-0.0282712671905756,"w":0.9678159952163696},"size":1.0211870670318604,"orthographic":true}