{"cameraMode":{"drawMode":0,"name":"Shaded","section":"Shading Mode"},"sceneLighting":true,"audioPlay":false,"sceneViewState":{"m_AlwaysRefresh":false,"showFog":true,"showSkybox":true,"showFlares":true,"showImageEffects":true,"showParticleSystems":true,"showVisualEffectGraphs":true,"m_FxEnabled":true},"in2DMode":false,"pivot":{"x":962.4176635742188,"y":442.48162841796877,"z":-8.567893981933594},"rotation":{"x":-0.01680820994079113,"y":0.0035965642891824247,"z":-0.00006023831883794628,"w":-0.99985271692276},"size":872.2140502929688,"orthographic":false}